,video,Short-term-pred,Long-term-pred,Short-term-true,Long-term-true
0,video6005.webm,0.8844335,0.7995323,0.861,0.75
1,video6006.webm,0.85113597,0.7662025,0.956,0.833
2,video6007.webm,0.8830888,0.7984291,0.922,0.722
3,video6009.webm,0.80421567,0.7237451,0.895,0.6920000000000001
4,video6010.webm,0.862305,0.7770356,0.8390000000000001,0.8
5,video6011.webm,0.8827366,0.79810244,0.9229999999999999,0.625
6,video6012.webm,0.8613605,0.7761147,0.5920000000000001,0.267
7,video6013.webm,0.8421586,0.7574591,0.983,0.7829999999999999
8,video6015.webm,0.8289162,0.7455363,0.8959999999999999,0.818
9,video6016.webm,0.8038057,0.72310597,0.831,0.583
10,video6017.webm,0.8317422,0.74809855,0.82,0.81
11,video6018.webm,0.9005923,0.81758153,0.861,0.917
12,video6019.webm,0.88503486,0.7999573,0.9209999999999999,0.7
13,video6021.webm,0.8502895,0.76545835,0.7390000000000001,0.9
14,video6022.webm,0.8784181,0.7931995,0.951,1.0
15,video6024.webm,0.83062696,0.7470096,0.86,0.727
16,video6026.webm,0.88233924,0.79729897,0.8759999999999999,0.556
17,video6027.webm,0.8921535,0.808102,0.8420000000000001,0.9
18,video6028.webm,0.8720008,0.7865724,0.89,0.909
19,video6030.webm,0.883711,0.7991029,0.922,0.813
20,video6031.webm,0.85127634,0.76627165,0.953,0.889
21,video6032.webm,0.8449255,0.7601856,0.893,0.8
22,video6033.webm,0.8882227,0.80340946,0.747,0.889
23,video6034.webm,0.8330741,0.7492384,0.8240000000000001,0.654
24,video6036.webm,0.8461115,0.7613166,0.922,0.75
25,video6037.webm,0.88994175,0.8056864,0.769,0.727
26,video6038.webm,0.82973194,0.7459994,0.922,0.909
27,video6039.webm,0.8913919,0.8071311,0.892,0.8
28,video6040.webm,0.84025705,0.75588953,0.867,0.909
29,video6041.webm,0.8146348,0.7325455,0.8690000000000001,0.818
30,video6042.webm,0.85776174,0.77259225,0.816,0.8
31,video6043.webm,0.8266732,0.7433323,0.9309999999999999,0.8
32,video6044.webm,0.8454173,0.7607144,0.9229999999999999,0.818
33,video6047.webm,0.8699039,0.78440547,0.8390000000000001,0.455
34,video6048.webm,0.8876516,0.80317944,0.797,0.8
35,video6049.webm,0.8345145,0.75056744,0.8320000000000001,0.4
36,video6050.webm,0.86488324,0.7794851,0.8029999999999999,0.8
37,video6051.webm,0.8245378,0.74135554,0.691,0.4
38,video6052.webm,0.8868172,0.80224544,0.8059999999999999,0.846
39,video6054.webm,0.88624156,0.80164754,0.897,0.733
40,video6055.webm,0.8685492,0.7833839,0.953,0.846
41,video6056.webm,0.8448696,0.7603105,0.684,0.813
42,video6057.webm,0.8362565,0.75211775,0.743,0.7140000000000001
43,video6058.webm,0.86560935,0.78032225,0.897,0.9229999999999999
44,video6059.webm,0.8530275,0.76813847,0.872,0.813
45,video6060.webm,0.8571337,0.7719565,0.9640000000000001,0.9229999999999999
46,video6061.webm,0.83002496,0.746591,0.721,0.833
47,video6062.webm,0.859796,0.77449745,0.8959999999999999,0.5379999999999999
48,video6063.webm,0.87399894,0.7882935,0.893,0.769
49,video6064.webm,0.82627684,0.743194,0.953,0.545
50,video6065.webm,0.8825816,0.79741347,0.8909999999999999,0.9
51,video6067.webm,0.84496945,0.76033044,0.9259999999999999,0.889
52,video6068.webm,0.87851715,0.79397416,0.899,0.583
53,video6069.webm,0.8312792,0.7474755,0.748,0.615
54,video6071.webm,0.83165675,0.74782157,0.831,0.7
55,video6072.webm,0.87478733,0.78973585,0.838,0.818
56,video6073.webm,0.90732735,0.8252256,0.9229999999999999,0.833
57,video6074.webm,0.841253,0.7568006,0.8079999999999999,0.7859999999999999
58,video6075.webm,0.83702576,0.75302047,0.953,0.846
59,video6076.webm,0.86431044,0.7785367,0.9590000000000001,0.846
60,video6077.webm,0.8539639,0.76885873,0.9109999999999999,0.545
61,video6079.webm,0.82365465,0.7404651,0.627,0.455
62,video6080.webm,0.8575313,0.77202874,0.892,0.889
63,video6081.webm,0.86185527,0.7762232,0.883,0.75
64,video6084.webm,0.85946316,0.774236,0.868,0.706
65,video6086.webm,0.8336138,0.74964803,0.953,0.818
66,video6087.webm,0.89008963,0.8059745,0.887,0.875
67,video6088.webm,0.8216995,0.7389426,0.8390000000000001,0.9
68,video6089.webm,0.85679924,0.7717568,0.893,0.833
69,video6091.webm,0.84058857,0.7561851,0.924,0.875
70,video6092.webm,0.85205626,0.76691693,0.752,0.909
71,video6093.webm,0.8481367,0.7632067,0.8959999999999999,1.0
72,video6094.webm,0.8837515,0.7989878,0.9540000000000001,0.909
73,video6095.webm,0.8754974,0.79066354,0.805,0.667
74,video6096.webm,0.827689,0.7441561,0.955,0.8
75,video6097.webm,0.85486484,0.769725,0.815,0.556
76,video6098.webm,0.86397517,0.77871287,0.775,0.6
77,video6099.webm,0.8554715,0.7700653,0.809,0.667
78,video6100.webm,0.8781604,0.79298246,0.95,0.8
79,video6102.webm,0.870577,0.7853314,0.841,0.9
80,video6103.webm,0.85977626,0.7745853,0.986,0.731
81,video6104.webm,0.8705779,0.78496784,0.894,0.8240000000000001
82,video6105.webm,0.8898806,0.80555475,0.955,0.8
83,video6106.webm,0.86658055,0.7809761,0.981,0.938
84,video6107.webm,0.88676137,0.80227226,0.8079999999999999,0.889
85,video6109.webm,0.85585254,0.77044076,0.833,0.917
86,video6110.webm,0.890275,0.80631834,0.807,0.6
87,video6111.webm,0.8621361,0.77703035,0.831,0.769
88,video6112.webm,0.87567616,0.7908301,0.836,0.846
89,video6114.webm,0.85095644,0.76579344,0.847,0.9229999999999999
90,video6115.webm,0.8720312,0.78680456,0.672,0.667
91,video6116.webm,0.858673,0.77345616,0.779,0.8
92,video6117.webm,0.8560552,0.77043813,0.865,0.556
93,video6119.webm,0.8414044,0.7569641,0.983,0.7859999999999999
94,video6120.webm,0.8773666,0.79207224,0.8590000000000001,0.462
95,video6121.webm,0.8743039,0.7891014,0.953,0.769
96,video6122.webm,0.81304723,0.7310116,0.654,0.4
97,video6123.webm,0.8914064,0.8070273,0.9279999999999999,0.778
98,video6126.webm,0.8337887,0.74978083,0.8290000000000001,0.9
99,video6127.webm,0.8544494,0.7695437,0.893,0.769
100,video6128.webm,0.85351235,0.7684238,0.889,0.818
101,video6129.webm,0.8395675,0.75522846,0.86,0.9229999999999999
102,video6131.webm,0.8856112,0.80068886,0.86,0.846
103,video6132.webm,0.8811912,0.7965179,0.8640000000000001,0.9
104,video6133.webm,0.8859706,0.80131286,0.8390000000000001,0.6
105,video6134.webm,0.83177555,0.7479942,0.897,0.727
106,video6135.webm,0.83946,0.7551457,0.888,0.917
107,video6136.webm,0.8768937,0.79172283,0.9229999999999999,0.9
108,video6138.webm,0.83693135,0.75268966,0.917,0.7859999999999999
109,video6139.webm,0.83431494,0.75036037,0.816,0.9
110,video6140.webm,0.88185936,0.79684985,0.92,0.833
111,video6141.webm,0.8841755,0.79945076,0.925,0.867
112,video6142.webm,0.87063795,0.785445,0.833,0.636
113,video6143.webm,0.85521096,0.77028483,0.9229999999999999,0.7
114,video6145.webm,0.8713221,0.78597564,0.919,0.875
115,video6146.webm,0.8646173,0.7794015,0.925,0.9
116,video6148.webm,0.83303463,0.74909157,0.955,0.889
117,video6149.webm,0.8409409,0.75650156,0.9209999999999999,0.917
118,video6150.webm,0.8606671,0.77509576,0.85,0.813
119,video6151.webm,0.86130273,0.7757476,0.802,0.9229999999999999
120,video6152.webm,0.87653244,0.79111457,0.982,1.0
121,video6154.webm,0.82531846,0.74204826,0.8909999999999999,0.889
122,video6155.webm,0.8205432,0.7377212,0.833,1.0
123,video6156.webm,0.8112122,0.7293781,0.892,0.833
124,video6157.webm,0.8404736,0.7560635,0.898,0.7
125,video6158.webm,0.8457396,0.76112217,0.897,0.6
126,video6160.webm,0.8220546,0.7391426,0.8909999999999999,1.0
127,video6161.webm,0.8770921,0.79168016,0.655,0.8
128,video6162.webm,0.83110166,0.74728787,0.867,0.833
129,video6163.webm,0.86268646,0.77691984,0.847,0.914
130,video6164.webm,0.8543352,0.7692633,0.951,0.9
131,video6165.webm,0.91064435,0.82898027,0.723,0.778
132,video6166.webm,0.86328626,0.77786154,0.807,0.8
133,video6167.webm,0.8699039,0.78440547,0.9620000000000001,0.9229999999999999
134,video6168.webm,0.8412899,0.75639015,0.752,0.7
135,video6169.webm,0.8990326,0.8155364,0.924,0.7
136,video6170.webm,0.8317125,0.74787384,0.861,0.917
137,video6171.webm,0.8687078,0.78316456,0.865,0.727
138,video6172.webm,0.8831467,0.7985824,0.863,0.8240000000000001
139,video6173.webm,0.8600061,0.7748356,0.898,0.8
140,video6174.webm,0.877213,0.79221046,0.8540000000000001,1.0
141,video6177.webm,0.8847729,0.8001384,0.95,1.0
142,video6178.webm,0.87840354,0.79309547,0.779,1.0
143,video6179.webm,0.851341,0.766357,0.773,0.909
144,video6182.webm,0.8903028,0.8060811,0.7859999999999999,0.733
145,video6183.webm,0.88427526,0.79947597,0.87,0.846
146,video6184.webm,0.86865234,0.7830836,0.898,0.9
147,video6185.webm,0.8528109,0.76784766,0.863,0.9440000000000001
148,video6186.webm,0.8456209,0.7609282,0.8959999999999999,1.0
149,video6187.webm,0.8598349,0.774746,0.922,0.909
150,video6188.webm,0.83781695,0.7535657,0.795,0.818
151,video6189.webm,0.87960386,0.7947329,0.951,0.7859999999999999
152,video6190.webm,0.8675524,0.7821186,0.92,1.0
153,video6191.webm,0.87966394,0.7946385,0.769,0.821
154,video6192.webm,0.84755766,0.7627497,0.863,0.9
155,video6194.webm,0.88391536,0.79899645,0.902,0.682
156,video6195.webm,0.87944746,0.79439765,0.919,0.733
157,video6196.webm,0.8483212,0.76355004,0.7959999999999999,0.7859999999999999
158,video6198.webm,0.8690581,0.7837391,0.8109999999999999,0.643
159,video6199.webm,0.86259043,0.7769272,0.789,0.778
160,video6201.webm,0.8465965,0.7618667,0.895,0.9329999999999999
161,video6203.webm,0.89307165,0.80937237,0.895,0.833
162,video6204.webm,0.89093244,0.80684394,0.9229999999999999,0.909
163,video6205.webm,0.8842373,0.79947704,0.8959999999999999,0.769
164,video6206.webm,0.85743666,0.7722404,0.805,0.636
165,video6207.webm,0.845048,0.7603436,0.897,0.9
166,video6208.webm,0.85562587,0.7704062,0.927,0.818
167,video6209.webm,0.87632895,0.79098934,0.653,0.583
168,video6210.webm,0.87120515,0.78597176,0.83,0.857
169,video6212.webm,0.8633655,0.7778162,0.985,0.9
170,video6213.webm,0.8340614,0.7500295,0.889,0.6
171,video6214.webm,0.8818323,0.7966315,0.7559999999999999,0.8
172,video6215.webm,0.8524398,0.7673316,0.929,0.909
173,video6216.webm,0.8363772,0.7522297,0.772,0.75
174,video6218.webm,0.84060556,0.7561139,0.9229999999999999,0.8
175,video6219.webm,0.8444196,0.75982124,0.862,0.9329999999999999
176,video6221.webm,0.89088994,0.8065254,0.773,0.5710000000000001
177,video6224.webm,0.8531424,0.7682537,0.9209999999999999,0.833
178,video6225.webm,0.8189543,0.73645973,0.9079999999999999,0.72
179,video6227.webm,0.8420091,0.7574679,0.5720000000000001,0.667
180,video6230.webm,0.846824,0.76203763,0.8290000000000001,0.7
181,video6231.webm,0.82962936,0.74594396,0.924,1.0
182,video6232.webm,0.8302338,0.7465143,0.809,0.545
183,video6233.webm,0.83589786,0.7519369,0.861,0.833
184,video6234.webm,0.8369674,0.7526606,0.9490000000000001,0.813
185,video6235.webm,0.83375263,0.74982184,0.951,0.727
186,video6236.webm,0.82674307,0.743344,0.9229999999999999,0.9229999999999999
187,video6237.webm,0.87554914,0.79053813,0.857,0.8
188,video6239.webm,0.88119465,0.7964886,0.922,0.818
189,video6240.webm,0.86447394,0.7789538,0.8690000000000001,0.8
190,video6243.webm,0.8343669,0.7503248,0.897,0.9
191,video6244.webm,0.88074917,0.7957894,0.889,0.778
192,video6245.webm,0.8864941,0.8018001,0.7659999999999999,0.846
193,video6246.webm,0.8830561,0.79824567,0.836,0.846
194,video6247.webm,0.82622534,0.74299055,0.922,0.8
195,video6248.webm,0.85653067,0.77102506,0.983,0.929
196,video6250.webm,0.8044478,0.7237884,0.8540000000000001,0.7859999999999999
197,video6252.webm,0.85493845,0.76983404,0.742,0.455
198,video6254.webm,0.86623913,0.7809331,0.8590000000000001,0.813
199,video6255.webm,0.8556921,0.7706411,0.863,0.5329999999999999
200,video6256.webm,0.83644724,0.7524399,0.813,0.818
201,video6257.webm,0.9017923,0.8188742,0.674,0.7
202,video6258.webm,0.8798541,0.79471624,0.8320000000000001,1.0
203,video6260.webm,0.9041774,0.8213963,0.772,1.0
204,video6261.webm,0.8703201,0.78498995,0.895,0.9229999999999999
205,video6262.webm,0.8617772,0.77661896,0.98,0.7
206,video6264.webm,0.8644695,0.77917165,0.925,1.0
207,video6265.webm,0.89442575,0.81036,0.863,0.963
208,video6266.webm,0.885169,0.80020875,0.956,0.857
209,video6268.webm,0.8828632,0.7978734,0.89,0.867
210,video6269.webm,0.8294158,0.74574643,0.941,0.667
211,video6270.webm,0.87893,0.79382885,0.807,0.909
212,video6271.webm,0.83148503,0.7479011,0.91,0.833
213,video6272.webm,0.8326947,0.74880964,0.665,0.5379999999999999
214,video6275.webm,0.88069105,0.7954284,0.9229999999999999,0.769
215,video6276.webm,0.8853955,0.80078095,0.873,0.7
216,video6277.webm,0.85586554,0.7706798,0.862,0.909
217,video6278.webm,0.9004614,0.81722134,0.653,0.385
218,video6279.webm,0.7943581,0.7151457,0.87,0.941
219,video6280.webm,0.87723976,0.7916806,0.737,0.583
220,video6281.webm,0.8097514,0.72808397,0.841,0.9329999999999999
221,video6284.webm,0.850757,0.76552373,0.84,0.7859999999999999
222,video6285.webm,0.88994175,0.8056864,0.779,0.68
223,video6286.webm,0.89700186,0.81342894,0.955,0.545
224,video6288.webm,0.8693285,0.784062,0.8959999999999999,0.727
225,video6289.webm,0.8506827,0.7658499,0.8590000000000001,0.222
226,video6290.webm,0.85819596,0.77314055,0.922,0.909
227,video6291.webm,0.83512986,0.7510653,0.925,0.75
228,video6293.webm,0.84223557,0.7575494,0.8029999999999999,0.833
229,video6294.webm,0.85351396,0.76859576,0.892,0.813
230,video6295.webm,0.86279887,0.7770498,0.693,1.0
231,video6296.webm,0.8576233,0.7725996,0.861,0.7829999999999999
232,video6297.webm,0.8624363,0.7770703,0.907,0.8
233,video6298.webm,0.8273667,0.7438352,0.8340000000000001,0.733
234,video6299.webm,0.8997227,0.81624246,0.835,1.0
235,video6303.webm,0.84509456,0.76045483,0.69,0.818
236,video6304.webm,0.88767266,0.80288905,0.89,0.833
237,video6305.webm,0.862621,0.7770664,0.8390000000000001,0.818
238,video6306.webm,0.87366325,0.7880619,0.865,0.8
239,video6307.webm,0.9030043,0.8202109,0.866,0.8
240,video6309.webm,0.8718487,0.78680426,0.835,0.4
241,video6310.webm,0.87322783,0.7876318,0.9540000000000001,0.545
242,video6311.webm,0.8757036,0.7906337,0.8759999999999999,0.708
243,video6312.webm,0.84243906,0.7580334,0.7959999999999999,0.733
244,video6313.webm,0.8889227,0.8044549,0.8320000000000001,1.0
245,video6315.webm,0.8562572,0.77127045,0.978,0.889
246,video6316.webm,0.8677815,0.7826006,0.925,0.909
247,video6317.webm,0.8265016,0.74305344,0.733,0.625
248,video6318.webm,0.8865061,0.8018629,0.925,0.875
249,video6319.webm,0.8970716,0.81379527,0.775,0.556
250,video6320.webm,0.83424324,0.75023764,0.935,1.0
251,video6321.webm,0.8560808,0.7708709,0.7440000000000001,0.846
252,video6322.webm,0.8613713,0.7762626,0.862,0.8
253,video6323.webm,0.8806152,0.7954011,0.8909999999999999,0.6
254,video6324.webm,0.8336946,0.7497171,0.809,0.556
255,video6325.webm,0.8346122,0.75055915,0.828,0.882
256,video6326.webm,0.8400228,0.755639,0.86,0.6
257,video6328.webm,0.7852912,0.70764345,0.845,0.818
258,video6329.webm,0.83627003,0.7520614,0.685,0.5
259,video6330.webm,0.84050804,0.75608784,0.925,0.929
260,video6331.webm,0.8765407,0.7911258,0.953,0.8
261,video6332.webm,0.8660908,0.78049064,0.8640000000000001,0.583
262,video6333.webm,0.8097514,0.72808397,0.7659999999999999,0.9
263,video6335.webm,0.827166,0.74407566,0.638,0.591
264,video6336.webm,0.8953822,0.81138587,0.866,0.733
265,video6337.webm,0.8418219,0.7572998,0.924,0.917
266,video6338.webm,0.83235675,0.7484747,0.8690000000000001,0.818
267,video6339.webm,0.8512029,0.7657427,0.951,0.917
268,video6340.webm,0.8541699,0.76869947,0.8909999999999999,0.778
269,video6342.webm,0.88942,0.8050277,0.878,0.6
270,video6343.webm,0.8439641,0.75913316,0.95,0.81
271,video6344.webm,0.91350317,0.8325311,0.8290000000000001,0.556
272,video6346.webm,0.8472757,0.7624772,0.8029999999999999,0.889
273,video6347.webm,0.9034709,0.82058907,0.8009999999999999,0.8
274,video6348.webm,0.86774653,0.7826428,0.868,0.9
275,video6349.webm,0.88164485,0.7967623,0.8340000000000001,0.7859999999999999
276,video6350.webm,0.85400015,0.769038,0.8640000000000001,0.9
277,video6351.webm,0.8576492,0.7726797,0.812,0.9229999999999999
278,video6352.webm,0.8430347,0.758449,0.83,0.455
279,video6353.webm,0.88441104,0.79942155,0.9520000000000001,0.875
280,video6354.webm,0.8400228,0.755639,0.927,0.75
281,video6356.webm,0.83929974,0.75477195,0.687,0.25
282,video6357.webm,0.8620723,0.77632564,0.982,1.0
283,video6358.webm,0.8089994,0.7275297,0.892,1.0
284,video6359.webm,0.8251473,0.7418089,0.745,0.5329999999999999
285,video6361.webm,0.870188,0.78479224,0.765,0.667
286,video6362.webm,0.77584225,0.69982177,0.8079999999999999,1.0
287,video6363.webm,0.8822938,0.79720736,0.955,0.9
288,video6366.webm,0.8257032,0.7425887,0.8270000000000001,0.636
289,video6368.webm,0.9061986,0.823777,0.8909999999999999,1.0
290,video6370.webm,0.8311479,0.74750346,0.843,1.0
291,video6373.webm,0.8309051,0.74716175,0.8370000000000001,0.647
292,video6376.webm,0.8627623,0.7772241,0.9540000000000001,0.583
293,video6377.webm,0.87236005,0.7869511,0.917,0.833
294,video6378.webm,0.8439162,0.7593225,0.9840000000000001,0.833
295,video6379.webm,0.8393092,0.7549842,0.8640000000000001,0.273
296,video6380.webm,0.8621015,0.7764437,0.897,0.667
297,video6381.webm,0.83570665,0.7516177,0.9179999999999999,0.7
298,video6382.webm,0.83827543,0.754006,0.774,0.889
299,video6385.webm,0.80365765,0.7228168,0.927,1.0
300,video6386.webm,0.8664387,0.78059953,0.87,0.733
301,video6387.webm,0.8943811,0.8105878,0.919,1.0
302,video6388.webm,0.85779923,0.77222556,0.797,0.308
303,video6390.webm,0.87327754,0.78825015,0.816,0.9
304,video6391.webm,0.80974597,0.7282811,0.895,0.727
305,video6392.webm,0.8987001,0.81542325,0.7959999999999999,0.833
306,video6393.webm,0.87602055,0.79089427,0.863,0.583
307,video6395.webm,0.88694286,0.8023218,0.8240000000000001,0.778
308,video6396.webm,0.839363,0.7548811,0.772,0.727
309,video6397.webm,0.83786154,0.75360644,0.831,0.769
310,video6398.webm,0.7954879,0.7159374,0.922,0.778
311,video6399.webm,0.88914496,0.8045821,0.867,0.882
312,video6400.webm,0.8533869,0.76845574,0.922,0.7140000000000001
313,video6401.webm,0.88063717,0.79587185,0.597,0.545
314,video6402.webm,0.90257055,0.81983143,0.95,0.846
315,video6403.webm,0.85217136,0.7671967,0.861,0.909
316,video6404.webm,0.83089334,0.7471028,0.924,1.0
317,video6406.webm,0.8411768,0.75654453,0.873,0.885
318,video6407.webm,0.8773529,0.79235196,0.698,0.733
319,video6408.webm,0.8426115,0.7579873,0.893,0.818
320,video6409.webm,0.85079646,0.765851,0.9259999999999999,0.818
321,video6410.webm,0.880795,0.79598635,0.9229999999999999,0.7
322,video6412.webm,0.9092855,0.8274581,0.924,0.778
323,video6413.webm,0.8751514,0.7898377,0.7959999999999999,0.765
324,video6415.webm,0.88636863,0.80153507,0.7979999999999999,0.889
325,video6416.webm,0.8527381,0.76765954,0.866,0.909
326,video6418.webm,0.8237791,0.7408728,0.92,0.75
327,video6419.webm,0.8394631,0.755094,0.9520000000000001,0.733
328,video6420.webm,0.85885316,0.7731956,0.9259999999999999,0.909
329,video6421.webm,0.86653155,0.78070664,0.981,0.75
330,video6422.webm,0.89891833,0.8154847,0.895,0.6
331,video6423.webm,0.8419553,0.7572228,0.721,0.6
332,video6425.webm,0.82977647,0.7462513,0.9229999999999999,0.8
333,video6426.webm,0.82070386,0.7379741,0.89,0.8240000000000001
334,video6427.webm,0.8796603,0.7946226,0.86,0.882
335,video6429.webm,0.821953,0.73898846,0.9209999999999999,0.9229999999999999
336,video6431.webm,0.82296383,0.7402505,0.802,0.41700000000000004
337,video6432.webm,0.84346825,0.7588838,0.865,0.684
338,video6433.webm,0.89699113,0.81330657,0.78,0.5
339,video6434.webm,0.8371109,0.75299335,0.8029999999999999,0.6
340,video6436.webm,0.8296852,0.74611247,0.956,0.778
341,video6437.webm,0.8853029,0.80061466,0.7,0.909
342,video6438.webm,0.82916176,0.74559945,0.782,0.75
343,video6439.webm,0.8600611,0.774914,0.8909999999999999,0.75
344,video6440.webm,0.89667624,0.81292933,0.889,0.818
345,video6441.webm,0.85064954,0.76580614,0.713,0.625
346,video6442.webm,0.8699805,0.78488517,0.799,0.889
347,video6444.webm,0.84723026,0.7624325,0.866,0.727
348,video6446.webm,0.8606169,0.77491885,0.9209999999999999,0.889
349,video6447.webm,0.8480892,0.76317763,0.8490000000000001,0.889
350,video6448.webm,0.8396333,0.75513697,0.867,0.778
351,video6450.webm,0.9067402,0.824677,0.7659999999999999,0.636
352,video6452.webm,0.9098998,0.82827747,0.983,0.833
353,video6453.webm,0.84690213,0.76208,0.866,0.867
354,video6454.webm,0.8559758,0.77068245,0.805,0.4
355,video6456.webm,0.8473333,0.76234204,0.92,0.9
356,video6457.webm,0.8726646,0.7871496,0.892,0.8
357,video6458.webm,0.8975189,0.8141205,0.888,0.9
358,video6460.webm,0.8111284,0.72933674,0.866,0.636
359,video6461.webm,0.87208486,0.7865687,0.835,1.0
360,video6462.webm,0.87681824,0.7914211,0.897,1.0
361,video6463.webm,0.83060014,0.74682033,0.6629999999999999,0.7
362,video6465.webm,0.8423714,0.7577874,0.809,0.792
363,video6466.webm,0.83434325,0.7502906,0.8290000000000001,0.667
364,video6467.webm,0.91003895,0.82831043,0.925,0.643
365,video6470.webm,0.8875624,0.80274576,0.9079999999999999,0.9229999999999999
366,video6473.webm,0.8651508,0.77995485,0.8029999999999999,0.778
367,video6474.webm,0.8232446,0.7402974,0.937,0.889
368,video6475.webm,0.84320176,0.7586711,0.664,0.636
369,video6476.webm,0.84722453,0.76244575,0.8859999999999999,0.6
370,video6477.webm,0.8431097,0.7582639,0.955,0.9
371,video6478.webm,0.8225647,0.73959726,0.865,1.0
372,video6479.webm,0.8938913,0.8100084,0.8420000000000001,0.818
373,video6480.webm,0.8364285,0.7522842,0.953,0.769
374,video6481.webm,0.8104269,0.7288421,0.8909999999999999,0.727
375,video6483.webm,0.83643764,0.75226885,0.953,0.6
376,video6484.webm,0.8586128,0.77318734,0.9490000000000001,0.7859999999999999
377,video6485.webm,0.8285476,0.7449554,0.925,0.545
378,video6486.webm,0.8575847,0.7720254,0.9229999999999999,1.0
379,video6488.webm,0.811337,0.7294972,0.89,0.625
380,video6489.webm,0.8152,0.73312575,0.865,0.727
381,video6491.webm,0.8612925,0.775729,0.89,1.0
382,video6492.webm,0.8532191,0.7679539,0.922,0.778
383,video6493.webm,0.8994472,0.81616694,0.838,1.0
384,video6494.webm,0.81277627,0.7311222,0.809,0.778
385,video6496.webm,0.8917821,0.8073355,0.715,0.545
386,video6498.webm,0.8350014,0.7508927,0.924,0.818
387,video6499.webm,0.90405345,0.8213466,0.95,0.833
388,video6501.webm,0.8637378,0.77837527,0.87,0.8
389,video6502.webm,0.8267255,0.7432514,0.898,0.9
390,video6503.webm,0.8841564,0.7990697,0.773,0.882
391,video6504.webm,0.8166494,0.73447573,0.8390000000000001,0.833
392,video6505.webm,0.87860787,0.793746,0.833,0.667
393,video6506.webm,0.89042014,0.80597144,0.8320000000000001,0.529
394,video6507.webm,0.8971789,0.8135326,0.955,1.0
395,video6508.webm,0.89081687,0.80637485,0.951,0.9
396,video6509.webm,0.8306703,0.7468791,0.752,0.7
397,video6510.webm,0.8225884,0.7396751,0.863,0.8240000000000001
398,video6512.webm,0.8229687,0.7399935,0.893,0.818
399,video6515.webm,0.8524212,0.7673635,0.95,0.833
400,video6516.webm,0.84688103,0.76193863,0.882,1.0
401,video6517.webm,0.78657097,0.70881027,0.917,0.769
402,video6518.webm,0.82881963,0.7451394,0.8059999999999999,0.857
403,video6519.webm,0.8209183,0.73815846,0.743,0.5
404,video6521.webm,0.87625754,0.7909887,0.804,0.737
405,video6523.webm,0.81814647,0.73576355,0.865,0.8
406,video6524.webm,0.8502985,0.76537865,0.915,0.778
407,video6525.webm,0.8513813,0.7665552,0.922,0.6
408,video6526.webm,0.8163828,0.73416376,0.7340000000000001,0.583
409,video6527.webm,0.8388365,0.754542,0.927,0.778
410,video6528.webm,0.82071084,0.73801386,0.804,0.8
411,video6530.webm,0.8503841,0.7654557,0.8490000000000001,0.75
412,video6531.webm,0.88075674,0.79542536,0.867,0.733
413,video6532.webm,0.86168176,0.77661645,0.8390000000000001,0.8
414,video6533.webm,0.8653098,0.7799437,0.8340000000000001,0.6920000000000001
415,video6534.webm,0.830874,0.7471252,0.772,0.727
416,video6535.webm,0.8470546,0.76234,0.9570000000000001,0.917
417,video6536.webm,0.9082793,0.82626945,0.8809999999999999,0.5710000000000001
418,video6537.webm,0.83836484,0.7541637,0.9229999999999999,0.6
419,video6538.webm,0.826805,0.7436679,0.737,0.9329999999999999
420,video6539.webm,0.81914544,0.7365779,0.982,1.0
421,video6540.webm,0.90257055,0.81983143,0.865,0.917
422,video6541.webm,0.87389004,0.78823316,0.927,0.909
423,video6542.webm,0.826988,0.74377936,0.927,0.867
424,video6543.webm,0.90738946,0.8252707,0.953,0.9329999999999999
425,video6544.webm,0.8998399,0.8164681,0.7979999999999999,0.667
426,video6545.webm,0.8603379,0.7747823,0.95,0.8
427,video6546.webm,0.8690639,0.7837938,0.897,0.818
428,video6547.webm,0.8567426,0.77164215,0.7979999999999999,0.905
429,video6550.webm,0.8384504,0.7542118,0.8440000000000001,0.5
430,video6551.webm,0.8828632,0.7978734,0.835,0.7859999999999999
431,video6552.webm,0.86340624,0.7777561,0.9229999999999999,0.818
432,video6554.webm,0.8622872,0.77695143,0.8290000000000001,0.9
433,video6555.webm,0.8850941,0.80024564,0.887,0.9
434,video6556.webm,0.8628854,0.77751416,0.862,0.9
435,video6557.webm,0.84502125,0.76020455,0.937,0.909
436,video6558.webm,0.88860714,0.8040085,0.894,0.7
437,video6559.webm,0.8463829,0.7616831,0.953,0.8
438,video6560.webm,0.8461115,0.7613166,0.843,0.652
439,video6561.webm,0.90645474,0.82419354,0.893,0.9329999999999999
440,video6562.webm,0.8373524,0.7532535,0.7979999999999999,0.7140000000000001
441,video6563.webm,0.8320772,0.7482474,0.9259999999999999,0.909
442,video6564.webm,0.83474976,0.7506806,0.92,0.556
443,video6565.webm,0.8414661,0.75701284,0.6709999999999999,0.7140000000000001
444,video6566.webm,0.8314796,0.7476799,0.8420000000000001,0.5
445,video6567.webm,0.853,0.76798105,0.818,0.5379999999999999
446,video6568.webm,0.90298724,0.82024956,0.892,0.706
447,video6569.webm,0.875043,0.7897892,0.867,0.727
448,video6570.webm,0.83834404,0.7541137,0.925,0.846
449,video6572.webm,0.8768337,0.7918525,0.9229999999999999,0.769
450,video6573.webm,0.87486035,0.7892234,0.9840000000000001,0.727
451,video6574.webm,0.8384621,0.75416476,0.925,1.0
452,video6576.webm,0.89965403,0.8163766,0.866,0.5
453,video6577.webm,0.8823788,0.7976079,0.713,0.364
454,video6578.webm,0.820496,0.7377547,0.826,0.846
455,video6579.webm,0.8368903,0.7527296,0.752,0.8420000000000001
456,video6581.webm,0.8398577,0.75541204,0.8340000000000001,0.6920000000000001
457,video6582.webm,0.8222486,0.7392626,0.897,0.8240000000000001
458,video6583.webm,0.8400992,0.75510705,0.91,1.0
459,video6584.webm,0.84159744,0.75714487,0.927,0.7859999999999999
460,video6585.webm,0.8335934,0.7497175,0.953,0.667
461,video6586.webm,0.9101522,0.8288073,0.863,0.8
462,video6587.webm,0.85653293,0.7714921,0.858,0.75
463,video6588.webm,0.8405323,0.75621253,0.8370000000000001,0.8
464,video6589.webm,0.824501,0.74124765,0.866,0.9
465,video6590.webm,0.86957896,0.78413916,0.895,0.778
466,video6591.webm,0.89016074,0.8058785,0.777,0.8
467,video6592.webm,0.8363014,0.7516969,0.626,0.4
468,video6593.webm,0.88051736,0.7952653,0.727,0.462
469,video6594.webm,0.8279319,0.7444633,0.89,1.0
470,video6595.webm,0.835263,0.7511636,0.955,0.833
471,video6596.webm,0.84193987,0.7574301,0.894,0.75
472,video6598.webm,0.8926972,0.80867964,0.8340000000000001,0.636
473,video6599.webm,0.8341623,0.75015724,0.8640000000000001,0.8
474,video6600.webm,0.86532146,0.7799917,0.81,0.5710000000000001
475,video6601.webm,0.85361266,0.7687068,0.8029999999999999,0.9
476,video6602.webm,0.83014625,0.74646294,0.838,0.545
477,video6604.webm,0.8868864,0.80227953,0.8859999999999999,0.75
478,video6607.webm,0.8608338,0.774991,0.925,0.625
479,video6608.webm,0.8301377,0.7464544,0.654,0.313
480,video6609.webm,0.8926726,0.80838305,0.8690000000000001,0.667
481,video6610.webm,0.81964606,0.7371203,0.865,0.8
482,video6611.webm,0.84828913,0.7635628,0.867,0.8
483,video6613.webm,0.8322232,0.74846756,0.8009999999999999,0.769
484,video6616.webm,0.8572514,0.77200836,0.86,1.0
485,video6617.webm,0.8907557,0.80643857,0.8320000000000001,0.615
486,video6618.webm,0.8497931,0.7648509,0.927,0.7140000000000001
487,video6619.webm,0.8865282,0.8017683,0.8340000000000001,0.857
488,video6621.webm,0.89427745,0.8101369,0.8009999999999999,0.7
489,video6622.webm,0.86371195,0.7783886,0.8640000000000001,0.75
490,video6623.webm,0.8526775,0.7675159,0.893,0.833
491,video6624.webm,0.898359,0.81483793,0.8909999999999999,1.0
492,video6625.webm,0.83835524,0.7541326,0.922,0.867
493,video6626.webm,0.83314675,0.74924356,0.833,0.33299999999999996
494,video6627.webm,0.8496483,0.7645436,0.897,0.889
495,video6628.webm,0.83824635,0.7539622,0.833,0.909
496,video6629.webm,0.8508976,0.7661169,0.8340000000000001,0.929
497,video6630.webm,0.8800914,0.7948064,0.955,0.857
498,video6632.webm,0.85554767,0.7705145,0.884,0.9
499,video6633.webm,0.8598732,0.7747622,0.804,0.727
500,video6634.webm,0.8593128,0.77416646,0.743,0.727
501,video6635.webm,0.87905633,0.79428893,0.8059999999999999,0.9229999999999999
502,video6637.webm,0.84011585,0.7557505,0.865,0.7859999999999999
503,video6639.webm,0.9010861,0.8181963,0.645,0.8
504,video6640.webm,0.8936542,0.80960757,0.922,0.917
505,video6641.webm,0.86956406,0.78421676,0.9520000000000001,0.9
506,video6643.webm,0.84087986,0.7563152,0.873,0.7
507,video6645.webm,0.89616215,0.8124116,0.6920000000000001,0.667
508,video6646.webm,0.85581774,0.7703447,0.841,0.5710000000000001
509,video6647.webm,0.85195404,0.7670602,0.747,0.75
510,video6648.webm,0.84682345,0.7621345,0.92,0.846
511,video6649.webm,0.86216736,0.7770798,0.981,0.6920000000000001
512,video6650.webm,0.87709165,0.79165447,0.865,0.833
513,video6651.webm,0.87363213,0.7886057,0.9259999999999999,1.0
514,video6652.webm,0.85466665,0.7697379,0.813,0.4
515,video6654.webm,0.8376492,0.7534408,0.865,0.765
516,video6655.webm,0.88676924,0.80219436,0.924,0.762
517,video6656.webm,0.8866907,0.80187386,0.772,0.636
518,video6658.webm,0.9025662,0.8195343,0.909,0.792
519,video6659.webm,0.8740681,0.78898925,0.948,0.9
520,video6660.webm,0.8772409,0.7922665,0.858,0.833
521,video6661.webm,0.8344482,0.75042385,0.885,0.5710000000000001
522,video6662.webm,0.82771057,0.7442246,0.894,0.7140000000000001
523,video6663.webm,0.8409482,0.75641966,0.893,0.5
524,video6664.webm,0.8865576,0.80188906,0.857,0.6
525,video6667.webm,0.8759333,0.7907752,0.7440000000000001,0.5379999999999999
526,video6668.webm,0.8450131,0.76026714,0.862,0.917
527,video6669.webm,0.8724157,0.7866809,0.951,0.8
528,video6670.webm,0.8290219,0.7455111,0.659,0.8
529,video6671.webm,0.8438657,0.7593049,0.8540000000000001,0.778
530,video6672.webm,0.8447962,0.7599898,0.8079999999999999,0.583
531,video6673.webm,0.8417269,0.7570955,0.892,1.0
532,video6674.webm,0.8600861,0.7746429,0.893,0.727
533,video6675.webm,0.8775216,0.7923333,0.774,0.917
534,video6676.webm,0.884499,0.79944533,0.774,0.909
535,video6677.webm,0.84350336,0.7588012,0.92,0.857
536,video6678.webm,0.87604743,0.7909388,0.956,0.667
537,video6680.webm,0.876149,0.79111415,0.747,0.75
538,video6681.webm,0.8392771,0.7549272,0.86,0.9
539,video6682.webm,0.8752732,0.79010427,0.872,0.765
540,video6683.webm,0.911218,0.82973486,0.885,0.9229999999999999
541,video6684.webm,0.8667334,0.78141636,0.755,0.818
542,video6686.webm,0.8630902,0.7777871,0.92,0.857
543,video6687.webm,0.8343445,0.75022984,0.7440000000000001,0.545
544,video6688.webm,0.8572898,0.77210736,0.981,0.909
545,video6689.webm,0.8507915,0.7656593,0.8109999999999999,0.833
546,video6690.webm,0.8354529,0.75137156,0.9229999999999999,0.7
547,video6691.webm,0.83976775,0.75540704,0.956,0.545
548,video6692.webm,0.84624225,0.7614911,0.9540000000000001,0.909
549,video6694.webm,0.8954658,0.81175226,0.7809999999999999,0.632
550,video6695.webm,0.8738152,0.788716,0.89,0.6
551,video6696.webm,0.8890536,0.80475235,0.897,0.8
552,video6699.webm,0.8339264,0.74994344,0.857,0.7
553,video6700.webm,0.8511473,0.76633036,0.802,0.583
554,video6702.webm,0.8495677,0.76466966,0.9209999999999999,0.846
555,video6703.webm,0.8547973,0.7697463,0.8640000000000001,0.929
556,video6704.webm,0.8325406,0.74869156,0.809,0.9
557,video6706.webm,0.8704848,0.78503585,0.9520000000000001,0.882
558,video6707.webm,0.8598128,0.7743391,0.953,0.818
559,video6708.webm,0.88583654,0.8008307,0.826,0.5
560,video6710.webm,0.8567205,0.77163434,0.9840000000000001,0.727
561,video6711.webm,0.8741205,0.7887656,0.865,0.909
562,video6712.webm,0.853973,0.76904637,0.8909999999999999,0.727
563,video6713.webm,0.86796975,0.7823105,0.8390000000000001,0.5
564,video6714.webm,0.88767946,0.8032802,0.8959999999999999,0.818
565,video6716.webm,0.83855206,0.75421834,0.858,0.857
566,video6717.webm,0.84896994,0.76390207,0.8640000000000001,0.6
567,video6718.webm,0.80927986,0.7278175,0.78,0.5
568,video6719.webm,0.8213978,0.7385195,0.9179999999999999,0.909
569,video6721.webm,0.8786427,0.79357815,0.863,0.7859999999999999
570,video6722.webm,0.87231475,0.78683066,0.792,0.667
571,video6725.webm,0.8498793,0.7649659,0.953,0.917
572,video6726.webm,0.86877084,0.7834335,0.86,0.857
573,video6727.webm,0.84661907,0.76165515,0.8220000000000001,0.667
574,video6728.webm,0.9087694,0.8267775,0.779,0.5
575,video6730.webm,0.9032023,0.8206679,0.925,0.909
576,video6731.webm,0.85033834,0.7654479,0.924,0.7
577,video6733.webm,0.81377244,0.7318338,0.892,0.9229999999999999
578,video6734.webm,0.85887736,0.7734265,0.866,1.0
579,video6735.webm,0.8563269,0.7705838,0.919,0.9
580,video6736.webm,0.8619389,0.77670115,0.897,0.833
581,video6737.webm,0.8755393,0.7904609,0.935,0.8
582,video6740.webm,0.8789869,0.7942035,0.782,0.667
583,video6741.webm,0.86185527,0.7762232,0.894,1.0
584,video6742.webm,0.8491505,0.7642611,0.982,0.8
585,video6743.webm,0.8317895,0.7479176,0.862,0.818
586,video6745.webm,0.84197223,0.75749385,0.738,0.455
587,video6746.webm,0.8338398,0.7498384,0.9520000000000001,0.81
588,video6747.webm,0.8604583,0.7746535,0.774,0.9
589,video6748.webm,0.88255346,0.7978496,0.958,0.8
590,video6749.webm,0.87145376,0.7857562,0.868,0.9
591,video6751.webm,0.8591609,0.7741788,0.893,0.818
592,video6752.webm,0.900862,0.8176651,0.894,0.818
593,video6753.webm,0.8803434,0.79533964,0.831,0.909
594,video6754.webm,0.8844192,0.79963267,0.892,0.9
595,video6755.webm,0.86666787,0.7813534,0.691,0.9229999999999999
596,video6756.webm,0.87840545,0.7933774,0.638,0.6
597,video6757.webm,0.8629472,0.7778001,0.925,0.727
598,video6759.webm,0.8735438,0.7880373,0.773,0.6920000000000001
599,video6760.webm,0.8850558,0.8005755,0.745,0.727
600,video6762.webm,0.847666,0.7629646,0.8590000000000001,0.7859999999999999
601,video6763.webm,0.8772382,0.7920342,0.9229999999999999,0.818
602,video6764.webm,0.84508646,0.76037806,0.672,0.7859999999999999
603,video6765.webm,0.8964862,0.8129326,0.96,0.667
604,video6766.webm,0.845211,0.7605708,0.893,0.8
605,video6767.webm,0.84414023,0.75977534,0.9640000000000001,0.9
606,video6769.webm,0.850348,0.7655551,0.982,0.818
607,video6771.webm,0.8613996,0.77587914,0.9570000000000001,0.769
608,video6772.webm,0.8442128,0.75954664,0.8640000000000001,0.667
609,video6773.webm,0.8519923,0.76704884,0.9570000000000001,0.909
610,video6776.webm,0.8082586,0.7271181,0.948,0.9470000000000001
611,video6777.webm,0.85877633,0.7731895,0.802,0.615
612,video6779.webm,0.8313532,0.74755365,0.867,0.8
613,video6780.webm,0.893617,0.8098114,0.865,0.909
614,video6781.webm,0.86865234,0.7830836,0.799,0.8
615,video6782.webm,0.85185635,0.7668548,0.9229999999999999,0.667
616,video6783.webm,0.89689714,0.8132581,0.953,0.75
617,video6784.webm,0.8404662,0.7560939,0.8640000000000001,0.6
618,video6785.webm,0.8777315,0.79296225,0.865,0.8240000000000001
619,video6786.webm,0.8521627,0.7670124,0.9540000000000001,0.7
620,video6788.webm,0.8814216,0.79679686,0.897,0.875
621,video6789.webm,0.82545614,0.7422403,0.925,0.917
622,video6790.webm,0.885919,0.8008931,0.693,0.556
623,video6791.webm,0.81019104,0.7287385,0.8370000000000001,0.8
624,video6792.webm,0.83503765,0.7509629,0.915,0.7829999999999999
625,video6793.webm,0.80260307,0.7220483,0.82,0.636
626,video6794.webm,0.83655626,0.7521905,0.96,0.929
627,video6795.webm,0.8851926,0.8005321,0.98,0.917
628,video6796.webm,0.8907177,0.8063779,0.889,0.938
629,video6797.webm,0.87446666,0.7892787,0.951,0.5379999999999999
630,video6798.webm,0.8355294,0.7514128,0.917,0.833
631,video6799.webm,0.88964665,0.8053861,0.753,0.778
632,video6800.webm,0.8771341,0.7916631,0.86,0.9
633,video6801.webm,0.882678,0.7979149,0.838,0.5
634,video6802.webm,0.89467895,0.81095564,0.8059999999999999,0.867
635,video6803.webm,0.8640699,0.77880585,0.924,0.636
636,video6804.webm,0.8826465,0.79780775,0.8009999999999999,0.5
637,video6806.webm,0.8508013,0.7652461,0.7959999999999999,0.8
638,video6807.webm,0.8757483,0.790475,0.804,0.773
639,video6808.webm,0.8470497,0.7623427,0.866,0.647
640,video6809.webm,0.8781186,0.7929381,0.8640000000000001,0.6920000000000001
641,video6810.webm,0.85832185,0.77311355,0.8290000000000001,0.8
642,video6811.webm,0.8631995,0.7778371,0.867,1.0
643,video6812.webm,0.8758493,0.7903967,0.893,0.882
644,video6813.webm,0.8599426,0.7747641,0.836,0.889
645,video6814.webm,0.83747596,0.75333333,0.674,0.667
646,video6815.webm,0.8581289,0.77302533,0.9309999999999999,0.8
647,video6816.webm,0.83190906,0.74805313,0.7559999999999999,0.727
648,video6817.webm,0.8976017,0.814166,0.8290000000000001,0.727
649,video6819.webm,0.83750147,0.75327516,0.955,0.7
650,video6820.webm,0.876408,0.7911239,0.682,0.545
651,video6822.webm,0.87385684,0.78869456,0.858,0.813
652,video6823.webm,0.8623778,0.7765307,0.836,0.8
653,video6825.webm,0.87048066,0.78504354,0.81,0.846
654,video6826.webm,0.8442529,0.75959176,0.922,0.632
655,video6828.webm,0.828995,0.7453376,0.898,0.7
656,video6829.webm,0.8405099,0.75600934,0.871,0.6
657,video6830.webm,0.89136714,0.80744326,0.9359999999999999,1.0
658,video6831.webm,0.8856112,0.80068886,0.693,1.0
659,video6832.webm,0.8650198,0.77986,0.833,0.6920000000000001
660,video6833.webm,0.8241551,0.7410096,0.895,0.667
661,video6834.webm,0.83326775,0.74930876,0.9359999999999999,0.7
662,video6836.webm,0.83419806,0.7501617,0.892,0.8
663,video6839.webm,0.87948316,0.7942098,0.7809999999999999,0.444
664,video6841.webm,0.85443693,0.76944894,0.8959999999999999,1.0
665,video6842.webm,0.8378466,0.75352883,0.899,0.778
666,video6844.webm,0.87706393,0.7919647,0.953,0.75
667,video6845.webm,0.876359,0.7913327,0.657,0.769
668,video6846.webm,0.8205921,0.73790663,0.726,0.75
669,video6847.webm,0.8437003,0.7591388,0.9229999999999999,0.8
670,video6849.webm,0.842805,0.758116,0.893,0.889
671,video6850.webm,0.8466129,0.76175183,0.742,0.727
672,video6851.webm,0.87116706,0.78570265,0.862,0.846
673,video6852.webm,0.8625905,0.77738214,0.893,0.75
674,video6853.webm,0.87019295,0.78488797,0.8959999999999999,0.636
675,video6854.webm,0.8613441,0.7760959,0.888,0.8
676,video6856.webm,0.8712022,0.78572786,0.667,0.875
677,video6858.webm,0.87561965,0.79052436,0.802,0.667
678,video6859.webm,0.90025496,0.8172004,0.898,0.875
679,video6860.webm,0.8102788,0.7286605,0.889,0.8
680,video6861.webm,0.85498965,0.76959944,0.831,0.9229999999999999
681,video6862.webm,0.8421132,0.75746155,0.753,1.0
682,video6863.webm,0.8719693,0.7867067,0.775,0.818
683,video6864.webm,0.83830625,0.754066,0.868,0.615
684,video6865.webm,0.8825165,0.7977853,0.7170000000000001,0.818
685,video6866.webm,0.8330015,0.7493105,0.721,0.563
686,video6869.webm,0.84931535,0.7640538,0.858,0.882
687,video6870.webm,0.8955665,0.812069,0.862,0.5710000000000001
688,video6871.webm,0.8326923,0.74876845,0.868,1.0
689,video6872.webm,0.8821016,0.7967867,0.919,0.667
690,video6873.webm,0.85169536,0.76675737,0.785,0.9
691,video6875.webm,0.91179144,0.83047074,0.721,0.727
692,video6876.webm,0.90040135,0.81712687,0.8390000000000001,0.8
693,video6877.webm,0.8799687,0.79464126,0.615,0.615
694,video6878.webm,0.844805,0.7601219,0.953,0.9229999999999999
695,video6879.webm,0.84138894,0.75678015,0.8640000000000001,0.6
696,video6880.webm,0.89412147,0.81026006,0.867,0.733
697,video6882.webm,0.8455041,0.7608836,0.846,0.55
698,video6883.webm,0.8148192,0.7326454,0.924,0.647
699,video6885.webm,0.86133844,0.7758912,0.9359999999999999,0.75
700,video6886.webm,0.8689952,0.7834988,0.897,0.75
701,video6887.webm,0.8729467,0.7874412,0.9490000000000001,0.9
702,video6888.webm,0.8974059,0.8137294,0.866,1.0
703,video6889.webm,0.86051285,0.7746915,0.87,1.0
704,video6890.webm,0.85463506,0.769687,0.8640000000000001,0.455
705,video6891.webm,0.8245558,0.7413405,0.8590000000000001,0.667
706,video6893.webm,0.86345047,0.7776333,0.809,0.667
707,video6894.webm,0.9038038,0.8212126,0.982,0.889
708,video6895.webm,0.8677482,0.78229,0.887,1.0
709,video6896.webm,0.88274527,0.79780245,0.805,0.9
710,video6897.webm,0.8896018,0.80521977,0.898,0.5710000000000001
711,video6898.webm,0.8634047,0.77819604,0.951,0.846
712,video6899.webm,0.87921834,0.79405636,0.7,0.545
713,video6900.webm,0.85104835,0.765869,0.9179999999999999,0.818
714,video6901.webm,0.9168494,0.83653456,0.866,1.0
715,video6903.webm,0.83027434,0.74649,0.877,0.556
716,video6904.webm,0.8713773,0.7860375,0.9209999999999999,0.769
717,video6905.webm,0.89027226,0.80568296,0.8420000000000001,0.7
718,video6907.webm,0.847705,0.7628549,0.628,0.75
719,video6908.webm,0.8433641,0.7588208,0.847,0.889
720,video6909.webm,0.82726276,0.74380696,0.8540000000000001,0.9229999999999999
721,video6910.webm,0.83082473,0.74718547,0.9440000000000001,1.0
722,video6911.webm,0.89321405,0.80942094,0.7140000000000001,0.846
723,video6912.webm,0.8713572,0.78644097,0.7909999999999999,0.7
724,video6913.webm,0.8220564,0.7393688,0.7490000000000001,0.636
725,video6914.webm,0.8331397,0.74916065,0.8959999999999999,1.0
726,video6915.webm,0.851004,0.7661118,0.943,0.75
727,video6917.webm,0.8752732,0.79010427,0.8959999999999999,0.636
728,video6918.webm,0.8046388,0.72378415,0.9840000000000001,0.8
729,video6919.webm,0.8316495,0.74786466,0.861,0.583
730,video6920.webm,0.8449468,0.7602233,0.9209999999999999,0.615
731,video6921.webm,0.8425836,0.75798255,0.867,0.875
732,video6922.webm,0.8927057,0.80863976,0.953,1.0
733,video6923.webm,0.90672773,0.824497,0.95,1.0
734,video6924.webm,0.8752732,0.79010427,0.862,0.9229999999999999
735,video6925.webm,0.853376,0.76820767,0.863,0.8
736,video6926.webm,0.8890329,0.8045725,0.955,0.636
737,video6927.webm,0.80923563,0.72791374,0.953,0.769
738,video6928.webm,0.8534583,0.7683496,0.865,0.636
739,video6929.webm,0.82787836,0.74437517,0.866,0.643
740,video6931.webm,0.8791979,0.7939763,0.9259999999999999,0.889
741,video6932.webm,0.90324,0.82047695,0.927,0.9229999999999999
742,video6933.webm,0.80633175,0.725214,0.865,0.75
743,video6934.webm,0.8177463,0.73532885,0.924,0.818
744,video6935.webm,0.86583996,0.7804563,0.8440000000000001,0.667
745,video6936.webm,0.8531929,0.7682513,0.867,0.625
746,video6937.webm,0.89394754,0.8098222,0.895,0.833
747,video6939.webm,0.8752116,0.7900936,0.879,0.9229999999999999
748,video6940.webm,0.8550538,0.77001804,0.937,0.765
749,video6941.webm,0.83949226,0.7552277,0.9209999999999999,0.75
750,video6942.webm,0.8848986,0.8001508,0.84,0.8
751,video6945.webm,0.8448137,0.76020133,0.8340000000000001,0.5
752,video6946.webm,0.85654527,0.7713681,0.898,0.909
753,video6947.webm,0.8680575,0.78296626,0.892,0.667
754,video6948.webm,0.8457572,0.7610834,0.866,1.0
755,video6949.webm,0.84303856,0.75842386,0.919,0.7140000000000001
756,video6950.webm,0.8407706,0.75629747,0.951,0.846
757,video6951.webm,0.8275199,0.7440802,0.982,1.0
758,video6952.webm,0.8794171,0.79406536,0.6859999999999999,0.52
759,video6953.webm,0.8628906,0.7773065,0.84,0.7
760,video6954.webm,0.8342576,0.750308,0.9520000000000001,0.882
761,video6955.webm,0.8808183,0.7959298,0.922,0.667
762,video6956.webm,0.8274042,0.7439232,0.8959999999999999,0.8
763,video6958.webm,0.85911584,0.7738525,0.8490000000000001,0.556
764,video6959.webm,0.8362316,0.7520922,0.863,1.0
765,video6960.webm,0.8956613,0.81220895,0.866,0.643
766,video6961.webm,0.8721135,0.78685117,0.5770000000000001,0.4
767,video6962.webm,0.9040413,0.8214451,0.9229999999999999,0.688
768,video6964.webm,0.8472135,0.7623717,0.833,0.667
769,video6965.webm,0.8330435,0.7491597,0.74,0.727
770,video6966.webm,0.8581308,0.77272445,0.95,0.7140000000000001
771,video6968.webm,0.86593604,0.7809129,0.985,0.905
772,video6970.webm,0.89113826,0.8069085,0.843,0.615
773,video6973.webm,0.82674307,0.743344,0.925,0.667
774,video6974.webm,0.83072054,0.7470527,0.8340000000000001,0.929
775,video6975.webm,0.8392792,0.754918,0.794,0.7140000000000001
776,video6976.webm,0.8414498,0.7570107,0.828,0.615
777,video6977.webm,0.8524908,0.76757234,0.888,0.8
778,video6978.webm,0.83080447,0.7470251,0.977,0.7
779,video6979.webm,0.8420436,0.757444,0.8909999999999999,0.8
780,video6981.webm,0.8821886,0.7976689,0.9590000000000001,0.7
781,video6983.webm,0.8695452,0.78420764,0.8340000000000001,0.9
782,video6984.webm,0.88367367,0.7991082,0.86,0.909
783,video6985.webm,0.84684724,0.7618041,0.6829999999999999,0.545
784,video6988.webm,0.86961204,0.7843541,0.7659999999999999,0.75
785,video6989.webm,0.85040796,0.76540613,0.8959999999999999,0.5710000000000001
786,video6990.webm,0.8476506,0.7628468,0.894,0.8
787,video6991.webm,0.8293939,0.7457685,0.868,1.0
788,video6992.webm,0.87322134,0.7878697,0.8320000000000001,0.917
789,video6993.webm,0.8914064,0.8070273,0.8079999999999999,0.9229999999999999
790,video6994.webm,0.85886645,0.7738304,0.8320000000000001,0.8
791,video6996.webm,0.89285856,0.80881065,0.831,0.778
792,video6998.webm,0.8531982,0.76803267,0.794,0.5
793,video6999.webm,0.8763482,0.7911842,0.745,0.9
794,video7001.webm,0.8473713,0.7626739,0.6920000000000001,0.643
795,video7002.webm,0.80974597,0.7282811,0.9840000000000001,0.9
796,video7003.webm,0.88143945,0.79629004,0.7979999999999999,0.733
797,video7004.webm,0.85335,0.7682576,0.863,0.917
798,video7005.webm,0.8354049,0.7513507,0.863,0.556
799,video7006.webm,0.8971919,0.8134437,0.841,0.773
800,video7007.webm,0.8175272,0.7349686,0.866,0.636
801,video7008.webm,0.87764657,0.79262215,0.895,0.9229999999999999
802,video7009.webm,0.88371325,0.7991473,0.7979999999999999,0.75
803,video7010.webm,0.8858837,0.8012003,0.835,0.852
804,video7011.webm,0.8437306,0.7591418,0.867,1.0
805,video7012.webm,0.8827876,0.79763746,0.8320000000000001,0.7
806,video7013.webm,0.8506106,0.7658436,0.889,0.9229999999999999
807,video7015.webm,0.8832018,0.79840285,0.9229999999999999,1.0
808,video7016.webm,0.87603223,0.7904433,0.838,0.7390000000000001
809,video7017.webm,0.8787103,0.79378164,0.794,0.7859999999999999
810,video7018.webm,0.8679133,0.78225183,0.8390000000000001,0.909
811,video7021.webm,0.810346,0.72864527,0.8640000000000001,0.889
812,video7022.webm,0.82512057,0.74185693,0.953,0.889
813,video7023.webm,0.852883,0.7675796,0.6940000000000001,0.818
814,video7024.webm,0.7758595,0.6999263,0.982,0.917
815,video7025.webm,0.844177,0.759529,0.8590000000000001,0.688
816,video7026.webm,0.89448756,0.8103175,0.746,0.727
817,video7027.webm,0.89332646,0.809068,0.8909999999999999,0.833
818,video7028.webm,0.86313635,0.7780998,0.9540000000000001,1.0
819,video7029.webm,0.8617455,0.77649444,0.9259999999999999,0.7
820,video7030.webm,0.8679134,0.7822958,0.8190000000000001,0.882
821,video7031.webm,0.832728,0.7488054,0.924,0.909
822,video7033.webm,0.86094135,0.7755867,0.953,0.909
823,video7034.webm,0.8448137,0.76020133,0.83,0.769
824,video7037.webm,0.88971776,0.80540144,0.6970000000000001,0.7390000000000001
825,video7038.webm,0.8958066,0.8121626,0.736,0.7
826,video7040.webm,0.8940537,0.8100365,0.888,0.7
827,video7041.webm,0.854453,0.76904655,0.92,0.769
828,video7042.webm,0.9029678,0.82013243,0.787,0.833
829,video7043.webm,0.83088195,0.7471431,0.919,0.875
830,video7044.webm,0.88914335,0.80487156,0.6829999999999999,0.9
831,video7045.webm,0.825055,0.741571,0.883,0.8
832,video7046.webm,0.85149544,0.76654744,0.9259999999999999,0.8
833,video7047.webm,0.83941865,0.75496733,0.953,0.7859999999999999
834,video7048.webm,0.8501398,0.76529473,0.863,0.9
835,video7050.webm,0.83323264,0.74929553,0.835,0.789
836,video7051.webm,0.8341621,0.75014716,0.722,0.667
837,video7052.webm,0.80014634,0.7201637,0.713,0.5
838,video7056.webm,0.87995654,0.795108,0.7759999999999999,0.9
839,video7057.webm,0.83239275,0.7484874,0.9109999999999999,0.8
840,video7058.webm,0.87105674,0.7855625,0.9640000000000001,0.8240000000000001
841,video7059.webm,0.83236843,0.7482803,0.919,0.773
842,video7060.webm,0.7992751,0.71918327,0.92,0.9
843,video7061.webm,0.85098356,0.7661667,0.662,0.667
844,video7063.webm,0.86488754,0.77941257,0.889,1.0
845,video7064.webm,0.8761444,0.79133826,0.684,0.5
846,video7065.webm,0.8808403,0.79608166,0.8640000000000001,0.846
847,video7066.webm,0.8668752,0.7816098,0.8690000000000001,0.6920000000000001
848,video7067.webm,0.86622286,0.78085154,0.8340000000000001,0.8
849,video7069.webm,0.8542722,0.76917183,0.7809999999999999,0.909
850,video7070.webm,0.8612967,0.7758789,0.833,0.7859999999999999
851,video7071.webm,0.85170484,0.76677376,0.8029999999999999,0.7
852,video7072.webm,0.8883094,0.8038062,0.894,0.75
853,video7073.webm,0.82792866,0.74448663,0.877,0.833
854,video7074.webm,0.8743412,0.78873646,0.892,0.7140000000000001
855,video7077.webm,0.8649158,0.7795383,0.9229999999999999,0.727
856,video7078.webm,0.8730082,0.7879672,0.862,0.6920000000000001
857,video7079.webm,0.91368085,0.8328186,0.809,1.0
858,video7080.webm,0.8682344,0.7830015,0.778,0.909
859,video7081.webm,0.8850283,0.80037737,0.9229999999999999,0.846
860,video7082.webm,0.7992463,0.71906686,0.9490000000000001,1.0
861,video7083.webm,0.86877084,0.7834335,0.775,0.7
862,video7084.webm,0.8781345,0.793193,0.708,0.7
863,video7085.webm,0.8604235,0.7749206,0.861,0.5710000000000001
864,video7086.webm,0.8828632,0.7978734,0.89,0.9229999999999999
865,video7087.webm,0.87430465,0.7890682,0.861,0.909
866,video7088.webm,0.8738591,0.7883236,0.893,0.9329999999999999
867,video7089.webm,0.8752775,0.78968126,0.892,0.8
868,video7090.webm,0.883517,0.7986334,0.9229999999999999,1.0
869,video7091.webm,0.83353436,0.74954206,0.953,0.765
870,video7093.webm,0.83093476,0.74721646,0.7240000000000001,0.667
871,video7094.webm,0.84948033,0.76467395,0.897,0.833
872,video7095.webm,0.8950132,0.81123406,0.7140000000000001,0.75
873,video7096.webm,0.8322567,0.74842656,0.8109999999999999,0.688
874,video7097.webm,0.8681277,0.7824739,0.635,0.909
875,video7098.webm,0.85098946,0.7661334,0.865,0.8
876,video7099.webm,0.8795784,0.794513,0.8370000000000001,0.636
877,video7100.webm,0.852883,0.7675796,0.7709999999999999,0.846
878,video7101.webm,0.8304467,0.7467141,0.863,0.9329999999999999
879,video7102.webm,0.89113224,0.8071296,0.9520000000000001,0.9
880,video7103.webm,0.8347788,0.75068897,0.92,0.818
881,video7104.webm,0.8989707,0.8155608,0.872,0.833
882,video7105.webm,0.8403448,0.75591016,0.867,0.769
883,video7106.webm,0.8450141,0.76034003,0.92,1.0
884,video7108.webm,0.8600313,0.77468216,0.7709999999999999,0.6920000000000001
885,video7109.webm,0.9052816,0.82284105,0.922,0.769
886,video7110.webm,0.8464267,0.76162785,0.7,0.909
887,video7112.webm,0.86648047,0.7808843,0.867,0.8640000000000001
888,video7113.webm,0.86657256,0.78133386,0.836,0.7
889,video7114.webm,0.8775025,0.7923784,0.862,0.909
890,video7115.webm,0.8367641,0.7525676,0.9840000000000001,0.941
891,video7116.webm,0.86362445,0.77831537,0.684,0.667
892,video7117.webm,0.8241468,0.7410224,0.748,0.929
893,video7118.webm,0.8657577,0.7803754,0.677,0.8
894,video7119.webm,0.83518684,0.7511349,0.899,0.8
895,video7121.webm,0.87602055,0.79089427,0.917,0.733
896,video7122.webm,0.8144199,0.73234034,0.752,1.0
897,video7125.webm,0.89397013,0.8099897,0.7509999999999999,0.667
898,video7126.webm,0.84478927,0.76008624,0.863,0.909
899,video7127.webm,0.8717245,0.78643256,0.9229999999999999,0.789
900,video7128.webm,0.8236734,0.74060476,0.752,0.818
901,video7129.webm,0.8431877,0.75868446,0.654,0.769
902,video7131.webm,0.8308364,0.7471346,0.86,0.529
903,video7132.webm,0.837582,0.75335157,0.9259999999999999,0.8
904,video7133.webm,0.8273272,0.7438211,0.8190000000000001,0.615
905,video7134.webm,0.86740315,0.7823144,0.8340000000000001,0.769
906,video7135.webm,0.847547,0.7625915,0.856,0.667
907,video7136.webm,0.8597431,0.77425903,0.927,1.0
908,video7138.webm,0.8485887,0.76383966,0.9229999999999999,0.9
909,video7140.webm,0.82149535,0.7385132,0.878,0.5710000000000001
910,video7141.webm,0.89187294,0.8078292,0.752,0.9
911,video7142.webm,0.88481706,0.79982436,0.877,0.833
912,video7143.webm,0.885169,0.80020875,0.983,0.8
913,video7144.webm,0.85396767,0.7687196,0.804,0.6
914,video7145.webm,0.85484505,0.76949793,0.7120000000000001,0.8
915,video7146.webm,0.83863235,0.75436187,0.861,0.727
916,video7147.webm,0.8408203,0.7563505,0.889,0.769
917,video7148.webm,0.84849477,0.7637599,0.835,0.6920000000000001
918,video7149.webm,0.87063795,0.785445,0.9840000000000001,0.9
919,video7150.webm,0.8362565,0.75211775,0.948,0.909
920,video7151.webm,0.89736044,0.8137651,0.777,0.6
921,video7152.webm,0.89741576,0.81396335,0.8640000000000001,0.778
922,video7153.webm,0.88941216,0.80527335,0.693,0.733
923,video7154.webm,0.8423527,0.75772417,0.9520000000000001,0.867
924,video7155.webm,0.8630949,0.7780804,0.7709999999999999,0.75
925,video7156.webm,0.8733963,0.788407,0.804,0.667
926,video7157.webm,0.89787996,0.8142276,0.83,0.643
927,video7159.webm,0.82598853,0.7428157,0.8290000000000001,0.7140000000000001
928,video7160.webm,0.91529757,0.8347198,0.665,0.917
929,video7161.webm,0.824517,0.7413887,0.8640000000000001,0.9
930,video7162.webm,0.82109857,0.73823047,0.835,0.75
931,video7163.webm,0.8294406,0.74613017,0.836,1.0
932,video7164.webm,0.87624425,0.7912866,0.966,0.8
933,video7165.webm,0.8473569,0.7622942,0.75,0.682
934,video7166.webm,0.874443,0.78940135,0.775,0.6
935,video7167.webm,0.83874893,0.75445366,0.983,1.0
936,video7168.webm,0.8781135,0.7930831,0.953,0.5
937,video7170.webm,0.85631,0.7711725,0.895,0.7859999999999999
938,video7172.webm,0.88914496,0.8045821,0.8959999999999999,0.846
939,video7173.webm,0.86210054,0.7768552,0.956,0.8
940,video7174.webm,0.84384894,0.7590223,0.9259999999999999,0.733
941,video7175.webm,0.83816254,0.7538337,0.737,0.727
942,video7176.webm,0.8460965,0.7613512,0.7809999999999999,0.643
943,video7177.webm,0.8304153,0.7466685,0.7390000000000001,0.8
944,video7179.webm,0.8599213,0.77454126,0.951,0.889
945,video7180.webm,0.8937714,0.80988574,0.983,0.9
946,video7181.webm,0.82662004,0.7432452,0.86,0.867
947,video7183.webm,0.852148,0.7671981,0.925,0.684
948,video7184.webm,0.820282,0.7376795,0.9540000000000001,1.0
949,video7185.webm,0.8478061,0.7630061,0.888,0.8
950,video7188.webm,0.8730674,0.7879118,0.684,0.8
951,video7189.webm,0.88358206,0.79888475,0.9,0.9
952,video7191.webm,0.86596465,0.7806299,0.95,0.6
953,video7192.webm,0.8637719,0.7784362,0.8959999999999999,0.353
954,video7193.webm,0.88465905,0.79967207,0.797,1.0
955,video7194.webm,0.89176303,0.80743027,0.8909999999999999,0.9329999999999999
956,video7195.webm,0.8446512,0.7600303,0.985,0.9
957,video7196.webm,0.88278556,0.7977551,0.92,0.455
958,video7197.webm,0.8703078,0.78509724,0.9229999999999999,0.833
959,video7198.webm,0.85191184,0.76688224,0.951,0.8240000000000001
960,video7199.webm,0.8646429,0.7791403,0.802,0.5
961,video7200.webm,0.88522434,0.8005823,0.862,0.909
962,video7201.webm,0.8503399,0.76540613,0.893,1.0
963,video7202.webm,0.87632895,0.79098934,0.807,0.7859999999999999
964,video7203.webm,0.82838154,0.7447706,0.863,0.857
965,video7204.webm,0.8845732,0.79985327,0.924,0.643
966,video7205.webm,0.85757035,0.7722806,0.866,1.0
967,video7206.webm,0.8807762,0.7956647,0.894,0.909
968,video7207.webm,0.8473934,0.7625479,0.893,0.667
969,video7208.webm,0.82732636,0.74391335,0.794,0.7
970,video7209.webm,0.8771202,0.79209083,0.775,0.667
971,video7210.webm,0.82972616,0.74609655,0.7390000000000001,0.556
972,video7211.webm,0.8300218,0.7463335,0.953,0.8
973,video7213.webm,0.8475819,0.76275814,0.8290000000000001,0.583
974,video7214.webm,0.8474342,0.76240104,0.892,0.9229999999999999
975,video7215.webm,0.8409843,0.75601417,0.9159999999999999,0.706
976,video7216.webm,0.8432614,0.75859046,0.9209999999999999,0.818
977,video7217.webm,0.84344995,0.758655,0.804,0.727
978,video7218.webm,0.88259387,0.79790497,0.9229999999999999,0.8
979,video7219.webm,0.8961688,0.8121859,0.825,0.667
980,video7220.webm,0.8724047,0.7872523,0.8079999999999999,0.727
981,video7221.webm,0.8759704,0.79075485,0.951,0.846
982,video7222.webm,0.8211014,0.7382802,0.78,0.636
983,video7223.webm,0.8506443,0.7654203,0.955,0.929
984,video7224.webm,0.8608683,0.7754602,0.8109999999999999,0.667
985,video7225.webm,0.8840566,0.7993086,0.895,0.6
986,video7226.webm,0.8327376,0.74887717,0.953,0.9229999999999999
987,video7227.webm,0.87582237,0.7903458,0.866,0.625
988,video7229.webm,0.8853558,0.8005665,0.868,0.818
989,video7230.webm,0.8669535,0.78188616,0.895,0.615
990,video7231.webm,0.88206506,0.7971593,0.655,0.778
991,video7233.webm,0.8187442,0.7360626,0.863,0.364
992,video7235.webm,0.89283997,0.8088374,0.778,0.4
993,video7237.webm,0.8643089,0.7792313,0.7659999999999999,0.667
994,video7238.webm,0.8341346,0.7501361,0.866,1.0
995,video7239.webm,0.8550572,0.7700024,0.863,0.917
996,video7240.webm,0.8404894,0.75610733,0.893,0.667
997,video7241.webm,0.87178713,0.7860774,0.9520000000000001,0.929
998,video7242.webm,0.8033413,0.7231249,0.802,0.455
999,video7243.webm,0.85360104,0.76837265,0.858,0.9329999999999999
1000,video7244.webm,0.8316079,0.74776167,0.955,0.857
1001,video7245.webm,0.89264697,0.8082945,0.835,1.0
1002,video7246.webm,0.8554152,0.7702219,0.535,0.722
1003,video7248.webm,0.8806546,0.7958907,0.9229999999999999,0.9
1004,video7249.webm,0.8234206,0.7404729,0.866,0.938
1005,video7250.webm,0.869872,0.78470904,0.802,0.667
1006,video7251.webm,0.8570848,0.77153534,0.836,0.7
1007,video7253.webm,0.83920115,0.75485754,0.9520000000000001,0.667
1008,video7255.webm,0.8643161,0.77902937,0.8640000000000001,0.857
1009,video7256.webm,0.83555675,0.7514547,0.865,0.7
1010,video7257.webm,0.8703674,0.7846221,0.982,0.882
1011,video7258.webm,0.8653449,0.7796564,0.871,0.75
1012,video7259.webm,0.8541676,0.7692348,0.9540000000000001,0.667
1013,video7260.webm,0.88514936,0.8001869,0.945,0.455
1014,video7261.webm,0.882678,0.7979149,0.904,0.889
1015,video7262.webm,0.8531424,0.7682537,0.6920000000000001,0.7
1016,video7263.webm,0.8080452,0.7266687,0.865,0.833
1017,video7264.webm,0.87063795,0.785445,0.9229999999999999,1.0
1018,video7265.webm,0.8354134,0.7513971,0.723,0.818
1019,video7266.webm,0.85945654,0.7742868,0.961,0.846
1020,video7267.webm,0.85008,0.76522493,0.956,0.727
1021,video7269.webm,0.8471904,0.762391,0.953,0.846
1022,video7270.webm,0.82734436,0.744022,0.95,0.9329999999999999
1023,video7271.webm,0.8389259,0.754586,0.775,0.667
1024,video7273.webm,0.8438963,0.7592332,0.83,0.6
1025,video7274.webm,0.8865061,0.8018629,0.805,0.9229999999999999
1026,video7275.webm,0.90126103,0.818264,0.799,0.643
1027,video7276.webm,0.83212435,0.74816734,0.893,0.917
1028,video7278.webm,0.82685685,0.7434231,0.8270000000000001,0.6
1029,video7279.webm,0.90340686,0.82070017,0.9179999999999999,0.9
1030,video7281.webm,0.8626592,0.77733296,0.8590000000000001,0.6920000000000001
1031,video7283.webm,0.8676548,0.78212744,0.8909999999999999,0.895
1032,video7285.webm,0.8514896,0.7665862,0.885,1.0
1033,video7286.webm,0.8596963,0.77456474,0.826,0.6
1034,video7287.webm,0.8635298,0.7782618,0.861,0.563
1035,video7288.webm,0.8482753,0.76347065,0.895,0.563
1036,video7289.webm,0.84931535,0.7640538,0.7440000000000001,0.929
1037,video7290.webm,0.8442529,0.75959176,0.835,0.6920000000000001
1038,video7291.webm,0.8325015,0.74862695,0.927,0.727
1039,video7292.webm,0.8370197,0.75296944,0.8340000000000001,0.667
1040,video7293.webm,0.7954879,0.7159374,0.982,1.0
1041,video7295.webm,0.83669627,0.7524496,0.535,0.455
1042,video7296.webm,0.8853375,0.80084836,0.833,0.833
1043,video7297.webm,0.83834684,0.75416476,0.8440000000000001,0.6920000000000001
1044,video7298.webm,0.85214573,0.7669526,0.9540000000000001,0.846
1045,video7299.webm,0.85581774,0.7703447,0.878,0.769
1046,video7300.webm,0.8862768,0.8016754,0.868,1.0
1047,video7301.webm,0.89646465,0.81276786,0.927,1.0
1048,video7302.webm,0.88278556,0.7977551,0.917,0.75
1049,video7303.webm,0.8323376,0.74840313,0.895,0.917
1050,video7304.webm,0.8724395,0.7869629,0.98,0.929
1051,video7305.webm,0.8688669,0.78375703,0.958,0.727
1052,video7306.webm,0.85814023,0.7729268,0.7959999999999999,0.9440000000000001
1053,video7307.webm,0.84109044,0.75662357,0.8390000000000001,0.769
1054,video7308.webm,0.8574329,0.7720277,0.889,0.9229999999999999
1055,video7309.webm,0.83423114,0.75015426,0.779,0.769
1056,video7310.webm,0.8549641,0.76995605,0.893,0.8640000000000001
1057,video7311.webm,0.85653293,0.7714921,0.81,0.8
1058,video7312.webm,0.84564394,0.7608903,0.951,1.0
1059,video7313.webm,0.8493279,0.7644315,0.804,0.833
1060,video7314.webm,0.8269764,0.74353445,0.885,0.5710000000000001
1061,video7315.webm,0.8454681,0.7609242,0.9520000000000001,1.0
1062,video7317.webm,0.82871157,0.7447331,0.897,0.8
1063,video7318.webm,0.86876804,0.7832431,0.866,0.545
1064,video7319.webm,0.85315377,0.76777846,0.7959999999999999,0.556
1065,video7320.webm,0.8721179,0.7865644,0.956,0.5379999999999999
1066,video7321.webm,0.83354837,0.749576,0.924,0.818
1067,video7322.webm,0.87308186,0.7874061,0.833,0.7
1068,video7324.webm,0.86902887,0.78353155,0.9229999999999999,0.556
1069,video7325.webm,0.8773666,0.79207224,0.9540000000000001,1.0
1070,video7328.webm,0.88996416,0.80538046,0.9229999999999999,0.9329999999999999
1071,video7329.webm,0.83328056,0.7493241,0.982,0.917
1072,video7331.webm,0.8648002,0.7796614,0.8270000000000001,1.0
1073,video7333.webm,0.8757281,0.7901337,0.81,0.9
1074,video7334.webm,0.8651727,0.7796188,0.89,0.737
1075,video7335.webm,0.8581366,0.7730058,0.77,0.636
1076,video7336.webm,0.84492064,0.76021767,0.982,0.778
1077,video7337.webm,0.8392682,0.7548416,0.83,0.7
1078,video7338.webm,0.8807767,0.79602164,0.898,0.778
1079,video7339.webm,0.8467572,0.7620371,0.81,0.615
1080,video7341.webm,0.8542515,0.7693329,0.7340000000000001,0.846
1081,video7342.webm,0.9004614,0.81722134,0.863,0.9229999999999999
1082,video7343.webm,0.8761198,0.7905045,0.9540000000000001,1.0
1083,video7344.webm,0.8233443,0.74034005,0.855,0.5
1084,video7345.webm,0.89601195,0.8121667,0.695,0.5
1085,video7346.webm,0.83508414,0.7510512,0.92,0.857
1086,video7347.webm,0.83764964,0.75329876,0.5660000000000001,0.737
1087,video7348.webm,0.84312177,0.75857437,0.775,0.5
1088,video7349.webm,0.83946776,0.75510013,0.809,0.9
1089,video7350.webm,0.8590332,0.77391565,0.838,0.9
1090,video7351.webm,0.8612106,0.77606267,0.9540000000000001,0.583
1091,video7352.webm,0.85419124,0.7691525,0.9229999999999999,0.9
1092,video7355.webm,0.88916,0.8046781,0.667,0.5
1093,video7358.webm,0.8457959,0.76116174,0.8959999999999999,0.545
1094,video7359.webm,0.82640797,0.7430061,0.867,0.545
1095,video7360.webm,0.8530136,0.7677869,0.922,0.917
1096,video7361.webm,0.8852946,0.8006384,0.9259999999999999,1.0
1097,video7362.webm,0.8815834,0.7966284,0.88,0.9
1098,video7363.webm,0.86592484,0.7801294,0.9179999999999999,0.6920000000000001
1099,video7364.webm,0.84529084,0.76063526,0.8909999999999999,0.9
1100,video7365.webm,0.8833127,0.7983469,0.8590000000000001,0.875
1101,video7367.webm,0.8471365,0.7622821,0.858,1.0
1102,video7370.webm,0.8448234,0.7599539,0.951,0.938
1103,video7372.webm,0.8167718,0.7343636,0.96,1.0
1104,video7373.webm,0.83205074,0.7482019,0.9540000000000001,0.917
1105,video7374.webm,0.87329555,0.78792506,0.893,0.846
1106,video7375.webm,0.8734014,0.78780097,0.777,0.833
1107,video7376.webm,0.90307987,0.8201896,0.924,0.7859999999999999
1108,video7377.webm,0.860966,0.77572787,0.872,0.583
1109,video7378.webm,0.88570136,0.8013276,0.893,0.75
1110,video7380.webm,0.8613993,0.77630687,0.897,0.9
1111,video7381.webm,0.8543553,0.7693774,0.889,0.6920000000000001
1112,video7382.webm,0.87425303,0.7889652,0.72,0.818
1113,video7383.webm,0.867552,0.7823329,0.888,0.75
1114,video7385.webm,0.8400228,0.755639,0.893,0.6
1115,video7386.webm,0.8639695,0.77891076,0.866,0.909
1116,video7387.webm,0.8451921,0.7604988,0.863,0.727
1117,video7388.webm,0.83249635,0.74863285,0.866,0.5
1118,video7389.webm,0.81436354,0.73220354,0.861,0.75
1119,video7390.webm,0.849039,0.764146,0.866,0.444
1120,video7391.webm,0.83796436,0.75373,0.8079999999999999,0.765
1121,video7392.webm,0.8926442,0.80849534,0.8340000000000001,0.5
1122,video7394.webm,0.87796354,0.7928559,0.868,0.6920000000000001
1123,video7396.webm,0.85906655,0.7738217,0.9840000000000001,0.9
1124,video7397.webm,0.89284813,0.80871695,0.938,1.0
1125,video7398.webm,0.8932186,0.8092108,0.7659999999999999,0.8420000000000001
1126,video7399.webm,0.87393093,0.78829724,0.8690000000000001,0.833
1127,video7400.webm,0.8258506,0.7427677,0.655,0.8420000000000001
1128,video7401.webm,0.90080035,0.817471,0.95,0.727
1129,video7402.webm,0.8608992,0.77575874,0.9540000000000001,0.5
1130,video7404.webm,0.88339233,0.7987376,0.8009999999999999,0.75
1131,video7405.webm,0.86265737,0.7775103,0.8109999999999999,0.5710000000000001
1132,video7406.webm,0.8299759,0.74626136,0.895,0.909
1133,video7407.webm,0.8734014,0.78780097,0.845,0.5710000000000001
1134,video7408.webm,0.85470366,0.769295,0.86,0.889
1135,video7409.webm,0.8615235,0.77633923,0.6459999999999999,0.5
1136,video7410.webm,0.8241915,0.7410328,0.716,0.583
1137,video7411.webm,0.8305995,0.7467925,0.9229999999999999,0.769
1138,video7414.webm,0.8514341,0.76598245,0.831,0.909
1139,video7415.webm,0.8384621,0.75416476,0.955,0.636
1140,video7416.webm,0.87677985,0.7916481,0.893,0.8
1141,video7417.webm,0.85047585,0.7657379,0.777,0.769
1142,video7419.webm,0.8497054,0.76483434,0.9179999999999999,0.846
1143,video7421.webm,0.9084249,0.8264304,0.838,0.9
1144,video7422.webm,0.88309467,0.79794717,0.8640000000000001,0.833
1145,video7423.webm,0.8162727,0.73378694,0.903,0.875
1146,video7424.webm,0.89195204,0.80746526,0.8320000000000001,0.818
1147,video7426.webm,0.8471469,0.7624612,0.758,0.6
1148,video7427.webm,0.8461958,0.761301,0.868,0.917
1149,video7428.webm,0.7985569,0.7187237,0.653,0.545
1150,video7429.webm,0.8642689,0.77905136,0.506,0.5329999999999999
1151,video7431.webm,0.8635119,0.778312,0.982,1.0
1152,video7432.webm,0.8614853,0.77620655,0.9129999999999999,0.722
1153,video7433.webm,0.88050663,0.7954232,0.9840000000000001,0.909
1154,video7434.webm,0.81798565,0.7357361,0.8140000000000001,0.769
1155,video7435.webm,0.89094275,0.80684245,0.982,0.8
1156,video7436.webm,0.9025582,0.8195868,0.9840000000000001,1.0
1157,video7437.webm,0.8414044,0.7569641,0.7120000000000001,0.846
1158,video7438.webm,0.8849662,0.7999103,0.77,0.929
1159,video7439.webm,0.8440547,0.75948685,0.8,0.75
1160,video7442.webm,0.8570027,0.77174735,0.873,0.6920000000000001
1161,video7443.webm,0.8793163,0.79415655,0.9540000000000001,0.833
1162,video7444.webm,0.8942545,0.8105514,0.9520000000000001,0.909
1163,video7445.webm,0.8912668,0.8071301,0.8029999999999999,0.895
1164,video7446.webm,0.85122794,0.76620126,0.868,1.0
1165,video7447.webm,0.856134,0.7710816,0.857,0.917
1166,video7448.webm,0.8950094,0.8110883,0.892,0.818
1167,video7451.webm,0.8841123,0.7993984,0.9229999999999999,0.7
1168,video7452.webm,0.8643725,0.7787293,0.867,0.9
1169,video7453.webm,0.8541125,0.7689898,0.898,0.833
1170,video7454.webm,0.83364636,0.74966747,0.799,0.9
1171,video7456.webm,0.83618784,0.7520453,0.84,0.6920000000000001
1172,video7457.webm,0.8881819,0.80372345,0.983,0.846
1173,video7458.webm,0.85199994,0.76676255,0.836,0.909
1174,video7461.webm,0.83027405,0.7465228,0.863,0.917
1175,video7462.webm,0.891829,0.80757236,0.748,0.5329999999999999
1176,video7463.webm,0.862621,0.7770664,0.9520000000000001,0.7
1177,video7465.webm,0.90107983,0.81801236,0.98,0.7859999999999999
1178,video7466.webm,0.8607421,0.77551293,0.894,0.909
1179,video7468.webm,0.811337,0.7294972,0.7190000000000001,0.9229999999999999
1180,video7469.webm,0.8075514,0.72628814,0.807,0.941
1181,video7470.webm,0.8823363,0.7973599,0.865,0.765
1182,video7471.webm,0.8332136,0.7493195,0.8640000000000001,0.846
1183,video7472.webm,0.9112998,0.83000284,0.922,0.727
1184,video7473.webm,0.834083,0.75006014,0.828,0.8
1185,video7474.webm,0.8395852,0.7551916,0.8420000000000001,0.8
1186,video7475.webm,0.8374791,0.7532915,0.741,0.85
1187,video7477.webm,0.8692683,0.7842181,0.927,0.897
1188,video7478.webm,0.8867028,0.8020585,0.892,0.833
1189,video7479.webm,0.89211243,0.80823904,0.8390000000000001,0.8
1190,video7480.webm,0.89924157,0.81586885,0.889,0.833
1191,video7481.webm,0.8164068,0.7340044,0.9229999999999999,0.846
1192,video7483.webm,0.8706924,0.7849835,0.812,0.8
1193,video7485.webm,0.8501166,0.7650148,0.922,0.833
1194,video7486.webm,0.8340461,0.75004876,0.8,0.636
1195,video7488.webm,0.83212435,0.74816734,0.9209999999999999,1.0
1196,video7489.webm,0.8795784,0.7947021,0.909,0.8390000000000001
1197,video7491.webm,0.89249504,0.8084799,0.713,0.818
1198,video7492.webm,0.887844,0.8034091,0.9540000000000001,1.0
1199,video7493.webm,0.8561311,0.7708226,0.953,0.615
